{
  "same_as_previous": {
    "n_predictions": 186052,
    "top1_accuracy": 0.9401511405413541,
    "mae_bins": 0.06410573388085052,
    "mae_seconds": 0.19231720164255156,
    "within_3s": 0.9969847139509385,
    "within_9s": 0.9996345107819319,
    "within_15s": 1.0,
    "within_30s": 1.0,
    "within_60s": 1.0
  },
  "random": {
    "n_predictions": 186052,
    "top1_accuracy": 0.010932427493388946,
    "mae_bins": 65.51465181777138,
    "mae_seconds": 196.54395545331414,
    "within_3s": 0.027750306365962204,
    "within_9s": 0.05867176918280911,
    "within_15s": 0.08793778083546536,
    "within_30s": 0.15657988089351363,
    "within_60s": 0.26982241523875045
  },
  "frequency_global": {
    "n_predictions": 186052,
    "top1_accuracy": 0.03779051017994969,
    "mae_bins": 51.95648528368413,
    "mae_seconds": 155.8694558510524,
    "within_3s": 0.06151506030572098,
    "within_9s": 0.11492485971663836,
    "within_15s": 0.16495388386042611,
    "within_30s": 0.2595779674499602,
    "within_60s": 0.3948304775009137
  },
  "frequency_conditioned": {
    "n_predictions": 186052,
    "top1_accuracy": 0.9414249779631501,
    "mae_bins": 0.06239115946079591,
    "mae_seconds": 0.18717347838238774,
    "within_3s": 0.9972050824500677,
    "within_9s": 0.9996506353062584,
    "within_15s": 1.0,
    "within_30s": 1.0,
    "within_60s": 1.0
  },
  "markov_order1": {
    "n_predictions": 186052,
    "top1_accuracy": 0.9414249779631501,
    "mae_bins": 0.06239115946079591,
    "mae_seconds": 0.18717347838238774,
    "within_3s": 0.9972050824500677,
    "within_9s": 0.9996506353062584,
    "within_15s": 1.0,
    "within_30s": 1.0,
    "within_60s": 1.0
  },
  "markov_order2": {
    "n_predictions": 186002,
    "top1_accuracy": 0.9428554531671702,
    "mae_bins": 0.06088106579499145,
    "mae_seconds": 0.18264319738497437,
    "within_3s": 0.9972849754303718,
    "within_9s": 0.999650541392028,
    "within_15s": 1.0,
    "within_30s": 1.0,
    "within_60s": 1.0
  },
  "linear_rt_w5": {
    "n_predictions": 185852,
    "top1_accuracy": 0.9304769386393474,
    "mae_bins": 0.0729720422701935,
    "mae_seconds": 0.21891612681058048,
    "within_3s": 0.9975249122958053,
    "within_9s": 0.9997686331059122,
    "within_15s": 1.0,
    "within_30s": 1.0,
    "within_60s": 1.0
  },
  "linear_rt_w10": {
    "n_predictions": 185602,
    "top1_accuracy": 0.934704367409834,
    "mae_bins": 0.06907253154599627,
    "mae_seconds": 0.2072175946379888,
    "within_3s": 0.9971875303067855,
    "within_9s": 0.9997521578431267,
    "within_15s": 1.0,
    "within_30s": 1.0,
    "within_60s": 1.0
  }
}